이름,분야코드,분야
박찬,IPK,부동산건설 | 행정 | 민사
한만수,FRG,기업법무 | 조세 | 지식재산권
권순일,ASFPKR,형사 | 금융증권 | 기업법무 | 행정 | 민사 | 조세
정창호,F,기업법무
배성범,ASGF,형사 | 금융증권 | 지식재산권 | 기업법무
박춘기,ASBFPK,형사 | 금융증권 | 성범죄 | 기업법무 | 행정 | 민사
한상진,ABDEGNP,형사 | 성범죄 | 마약 | 교통사고 | 지식재산권 | 중대재해 | 행정
김경,ASI,형사 | 금융증권 | 부동산건설
양호산,ASFGR,형사 | 금융증권 | 기업법무 | 지식재산권 | 조세
배인구,JLK,이혼 | 가사상속 | 민사
유병두,ASBDGMQ,형사 | 금융증권 | 성범죄 | 마약 | 지식재산권 | 군형사 | 의료
추원식,FR,기업법무 | 조세
최영운,SADO,금융증권 | 형사 | 마약 | 노동산재
변민선,AI,형사 | 부동산건설
나찬기,ASFO,형사 | 금융증권 | 기업법무 | 노동산재
천기홍,ASDFGR,형사 | 금융증권 | 마약 | 기업법무 | 지식재산권 | 조세
김정헌,SADGF,금융증권 | 형사 | 마약 | 지식재산권 | 기업법무
강경훈,AJ,형사 | 이혼
김범한,PKQ,행정 | 민사 | 의료
양동학,K,민사
변광호,ASBCDGOR,형사 | 금융증권 | 성범죄 | 학교폭력 | 마약 | 지식재산권 | 노동산재 | 조세
김동진,ASBDFGIK,형사 | 금융증권 | 성범죄 | 마약 | 기업법무 | 지식재산권 | 부동산건설 | 민사
정병실,SAFPK,금융증권 | 형사 | 기업법무 | 행정 | 민사
송각엽,ASIPOQR,형사 | 금융증권 | 부동산건설 | 행정 | 노동산재 | 의료 | 조세
김윤정,JKIL,이혼 | 민사 | 부동산건설 | 가사상속
진호식,SAGFI,금융증권 | 형사 | 지식재산권 | 기업법무 | 부동산건설
홍성준,ASCBDEKGFN,형사 | 금융증권 | 학교폭력 | 성범죄 | 마약 | 교통사고 | 민사 | 지식재산권 | 기업법무 | 중대재해
장일희,ACBDE,형사 | 학교폭력 | 성범죄 | 마약 | 교통사고
신재은,IKL,부동산건설 | 민사 | 가사상속
이상목,ASBDER,형사 | 금융증권 | 성범죄 | 마약 | 교통사고 | 조세
강진구,ASFKPR,형사 | 금융증권 | 기업법무 | 민사 | 행정 | 조세
박재완,ASFIKP,형사 | 금융증권 | 기업법무 | 부동산건설 | 민사 | 행정
김인중,IFKPOB,부동산건설 | 기업법무 | 민사 | 행정 | 노동산재 | 성범죄
현민석,GFIO,지식재산권 | 기업법무 | 부동산건설 | 노동산재
최진홍,AS,형사 | 금융증권
조인선,OFLNB,노동산재 | 기업법무 | 가사상속 | 중대재해 | 성범죄
김택형,ASBDEIJKPO,형사 | 금융증권 | 성범죄 | 마약 | 교통사고 | 부동산건설 | 이혼 | 민사 | 행정 | 노동산재
조은결,FSHK,기업법무 | 금융증권 | 회생파산 | 민사
이승엽,AOBFKIJ,형사 | 노동산재 | 성범죄 | 기업법무 | 민사 | 부동산건설 | 이혼
임효진,ABCFGKJL,형사 | 성범죄 | 학교폭력 | 기업법무 | 지식재산권 | 민사 | 이혼 | 가사상속
임우정,LR,가사상속 | 조세
지준연,SAFK,금융증권 | 형사 | 기업법무 | 민사
강봉철,ASBI,형사 | 금융증권 | 성범죄 | 부동산건설
신덕범,ASE,형사 | 금융증권 | 교통사고
이석원,ASI,형사 | 금융증권 | 부동산건설
이민우,IO,부동산건설 | 노동산재
주승연,FRJKPL,기업법무 | 조세 | 이혼 | 민사 | 행정 | 가사상속
최고다,ASBCDEJL,형사 | 금융증권 | 성범죄 | 학교폭력 | 마약 | 교통사고 | 이혼 | 가사상속
이태훈,ASCBDE,형사 | 금융증권 | 학교폭력 | 성범죄 | 마약 | 교통사고
조한나,BGJL,성범죄 | 지식재산권 | 이혼 | 가사상속
이동훈,BCDFKGR,성범죄 | 학교폭력 | 마약 | 기업법무 | 민사 | 지식재산권 | 조세
배연관,ACEM,형사 | 학교폭력 | 교통사고 | 군형사
김동섭,ASOFGKLP,형사 | 금융증권 | 노동산재 | 기업법무 | 지식재산권 | 민사 | 가사상속 | 행정
이준혁,ASBDEGF,형사 | 금융증권 | 성범죄 | 마약 | 교통사고 | 지식재산권 | 기업법무
김보경,ASCBDEJKLNO,형사 | 금융증권 | 학교폭력 | 성범죄 | 마약 | 교통사고 | 이혼 | 민사 | 가사상속 | 중대재해 | 노동산재
곽태영,ABJ,형사 | 성범죄 | 이혼
김경태,ASBCDE,형사 | 금융증권 | 성범죄 | 학교폭력 | 마약 | 교통사고
곽노주,AN,형사 | 중대재해
김선미,AJK,형사 | 이혼 | 민사
남화진,ASBDIKJL,형사 | 금융증권 | 성범죄 | 마약 | 부동산건설 | 민사 | 이혼 | 가사상속
박해동,CEPL,학교폭력 | 교통사고 | 행정 | 가사상속
문정균,ASEJLQR,형사 | 금융증권 | 교통사고 | 이혼 | 가사상속 | 의료 | 조세
김승모,ASBCEIKJ,형사 | 금융증권 | 성범죄 | 학교폭력 | 교통사고 | 부동산건설 | 민사 | 이혼
이정협,AEKJL,형사 | 교통사고 | 민사 | 이혼 | 가사상속
김세현,ABEFJKL,형사 | 성범죄 | 교통사고 | 기업법무 | 이혼 | 민사 | 가사상속
김광호,ACEFGIL,형사 | 학교폭력 | 교통사고 | 기업법무 | 지식재산권 | 부동산건설 | 가사상속
조을원,BCFJKIL,성범죄 | 학교폭력 | 기업법무 | 이혼 | 민사 | 부동산건설 | 가사상속
박근열,ASOBCFGIKJ,형사 | 금융증권 | 노동산재 | 성범죄 | 학교폭력 | 기업법무 | 지식재산권 | 부동산건설 | 민사 | 이혼
이경호,AKI,형사 | 민사 | 부동산건설
강형윤,ASBCDENO,형사 | 금융증권 | 성범죄 | 학교폭력 | 마약 | 교통사고 | 중대재해 | 노동산재
박준환,AJL,형사 | 이혼 | 가사상속
신유리,ASCBEKL,형사 | 금융증권 | 학교폭력 | 성범죄 | 교통사고 | 민사 | 가사상속
박상은,AB,형사 | 성범죄
권주혁,AJKL,형사 | 이혼 | 민사 | 가사상속
홍의진,AKJL,형사 | 민사 | 이혼 | 가사상속
김태연,ACEJL,형사 | 학교폭력 | 교통사고 | 이혼 | 가사상속
성낙근,AK,형사 | 민사
김신아,ABJKI,형사 | 성범죄 | 이혼 | 민사 | 부동산건설
김윤희,ASCEFGIKJL,형사 | 금융증권 | 학교폭력 | 교통사고 | 기업법무 | 지식재산권 | 부동산건설 | 민사 | 이혼 | 가사상속
안소양,ASIKJP,형사 | 금융증권 | 부동산건설 | 민사 | 이혼 | 행정
이슬,AJK,형사 | 이혼 | 민사
박경연,ASCBEIJKPLQ,형사 | 금융증권 | 학교폭력 | 성범죄 | 교통사고 | 부동산건설 | 이혼 | 민사 | 행정 | 가사상속 | 의료
허민우,A,형사
손호용,AFKO,형사 | 기업법무 | 민사 | 노동산재
장정훈,IK,부동산건설 | 민사
김혜리,BJKP,성범죄 | 이혼 | 민사 | 행정
김유신,ASKPL,형사 | 금융증권 | 민사 | 행정 | 가사상속
이주혁,ADJKLO,형사 | 마약 | 이혼 | 민사 | 가사상속 | 노동산재
이준엽,ASRFIPK,형사 | 금융증권 | 조세 | 기업법무 | 부동산건설 | 행정 | 민사
조대권,ABE,형사 | 성범죄 | 교통사고
문예지,ASBJ,형사 | 금융증권 | 성범죄 | 이혼
양동건,ASFHJKP,형사 | 금융증권 | 기업법무 | 회생파산 | 이혼 | 민사 | 행정
임수진,AK,형사 | 민사
김문기,AKPQ,형사 | 민사 | 행정 | 의료
안형록,ABDEJK,형사 | 성범죄 | 마약 | 교통사고 | 이혼 | 민사
윤한진,BCEKL,성범죄 | 학교폭력 | 교통사고 | 민사 | 가사상속
김용운,AKP,형사 | 민사 | 행정
양동필,ASK,형사 | 금융증권 | 민사
김형원,ASBE,형사 | 금융증권 | 성범죄 | 교통사고
최현욱,BCDEJ,성범죄 | 학교폭력 | 마약 | 교통사고 | 이혼
김수희,ASJK,형사 | 금융증권 | 이혼 | 민사
조재일,AKPR,형사 | 민사 | 행정 | 조세
박경선,BCDKP,성범죄 | 학교폭력 | 마약 | 민사 | 행정
송세훈,AB,형사 | 성범죄
김승만,AIK,형사 | 부동산건설 | 민사
한태원,ASJ,형사 | 금융증권 | 이혼
송주은,AJL,형사 | 이혼 | 가사상속
박훈석,ASBDEJKP,형사 | 금융증권 | 성범죄 | 마약 | 교통사고 | 이혼 | 민사 | 행정
김채민,ASOCJKIL,형사 | 금융증권 | 노동산재 | 학교폭력 | 이혼 | 민사 | 부동산건설 | 가사상속
안시은,AKJ,형사 | 민사 | 이혼
손현태,ABCEJKPIO,형사 | 성범죄 | 학교폭력 | 교통사고 | 이혼 | 민사 | 행정 | 부동산건설 | 노동산재
안상철,AKJ,형사 | 민사 | 이혼
안태민,AK,형사 | 민사
이솔,ACBEKJ,형사 | 학교폭력 | 성범죄 | 교통사고 | 민사 | 이혼
신성원,IJK,부동산건설 | 이혼 | 민사
김희윤,JK,이혼 | 민사
김지훈,ASEFGKP,형사 | 금융증권 | 교통사고 | 기업법무 | 지식재산권 | 민사 | 행정
박세훈,ASJ,형사 | 금융증권 | 이혼
김민순,AJKL,형사 | 이혼 | 민사 | 가사상속
조아라,IKJL,부동산건설 | 민사 | 이혼 | 가사상속
조정현,ACBEIJKM,형사 | 학교폭력 | 성범죄 | 교통사고 | 부동산건설 | 이혼 | 민사 | 군형사
박시연,IK,부동산건설 | 민사
권수민,AFJ,형사 | 기업법무 | 이혼
현수경,ABE,형사 | 성범죄 | 교통사고
유건우,AOCBJKM,형사 | 노동산재 | 학교폭력 | 성범죄 | 이혼 | 민사 | 군형사
차승민,AFKL,형사 | 기업법무 | 민사 | 가사상속
구태환,ASJKL,형사 | 금융증권 | 이혼 | 민사 | 가사상속
박준기,AKM,형사 | 민사 | 군형사
이신호,AKJ,형사 | 민사 | 이혼
허세정,ABIKPL,형사 | 성범죄 | 부동산건설 | 민사 | 행정 | 가사상속
김은정,ASIJK,형사 | 금융증권 | 부동산건설 | 이혼 | 민사
전민주,AIJKL,형사 | 부동산건설 | 이혼 | 민사 | 가사상속
김해성,ABEJOQ,형사 | 성범죄 | 교통사고 | 이혼 | 노동산재 | 의료
김두현,IK,부동산건설 | 민사
여유리,AFGK,형사 | 기업법무 | 지식재산권 | 민사
황윤정,ABEJKL,형사 | 성범죄 | 교통사고 | 이혼 | 민사 | 가사상속
손석진,IK,부동산건설 | 민사
김재인,ABEJKL,형사 | 성범죄 | 교통사고 | 이혼 | 민사 | 가사상속
이희래,,
은지민,ASBCJ,형사 | 금융증권 | 성범죄 | 학교폭력 | 이혼
고병수,ASBKGFJPI,형사 | 금융증권 | 성범죄 | 민사 | 지식재산권 | 기업법무 | 이혼 | 행정 | 부동산건설
김지언,ASCEJL,형사 | 금융증권 | 학교폭력 | 교통사고 | 이혼 | 가사상속
김여진,ASBIKJL,형사 | 금융증권 | 성범죄 | 부동산건설 | 민사 | 이혼 | 가사상속
조원형,ARFKIP,형사 | 조세 | 기업법무 | 민사 | 부동산건설 | 행정
이재성,,
권은진,ABEJL,형사 | 성범죄 | 교통사고 | 이혼 | 가사상속
양성국,AOEKIN,형사 | 노동산재 | 교통사고 | 민사 | 부동산건설 | 중대재해
홍석현,ASE,형사 | 금융증권 | 교통사고
이선우,ABDKJPO,형사 | 성범죄 | 마약 | 민사 | 이혼 | 행정 | 노동산재
국고은,FG,기업법무 | 지식재산권
홍석일,AON,형사 | 노동산재 | 중대재해
임도연,ASEIJKL,형사 | 금융증권 | 교통사고 | 부동산건설 | 이혼 | 민사 | 가사상속
김민혁,AOM,형사 | 노동산재 | 군형사
곽형규,AJKL,형사 | 이혼 | 민사 | 가사상속
김잔디,AJK,형사 | 이혼 | 민사
박시은,AJK,형사 | 이혼 | 민사
서진우,ABCDEIKJ,형사 | 성범죄 | 학교폭력 | 마약 | 교통사고 | 부동산건설 | 민사 | 이혼
송인혁,FS,기업법무 | 금융증권
임혜원,AKJ,형사 | 민사 | 이혼
최현덕,ACKJM,형사 | 학교폭력 | 민사 | 이혼 | 군형사
이지운,ABEJK,형사 | 성범죄 | 교통사고 | 이혼 | 민사
이동호,ASOCBDEIKJPLQ,형사 | 금융증권 | 노동산재 | 학교폭력 | 성범죄 | 마약 | 교통사고 | 부동산건설 | 민사 | 이혼 | 행정 | 가사상속 | 의료
임채원,AJKL,형사 | 이혼 | 민사 | 가사상속
홍정모,AEFIJKL,형사 | 교통사고 | 기업법무 | 부동산건설 | 이혼 | 민사 | 가사상속
장기철,OBFIKN,노동산재 | 성범죄 | 기업법무 | 부동산건설 | 민사 | 중대재해
한신,ASIKQ,형사 | 금융증권 | 부동산건설 | 민사 | 의료
박지연,BE,성범죄 | 교통사고
황현정,AS,형사 | 금융증권
심우연,ABDE,형사 | 성범죄 | 마약 | 교통사고
박수찬,ABDFIJ,형사 | 성범죄 | 마약 | 기업법무 | 부동산건설 | 이혼
전문영,ASJKL,형사 | 금융증권 | 이혼 | 민사 | 가사상속
김효빈,OFKJL,노동산재 | 기업법무 | 민사 | 이혼 | 가사상속
조혜정,ABIJKNR,형사 | 성범죄 | 부동산건설 | 이혼 | 민사 | 중대재해 | 조세
최학수,SABJK,금융증권 | 형사 | 성범죄 | 이혼 | 민사
양윤지,ADJL,형사 | 마약 | 이혼 | 가사상속
윤여헌,ASBDFG,형사 | 금융증권 | 성범죄 | 마약 | 기업법무 | 지식재산권
장철원,SAB,금융증권 | 형사 | 성범죄
박지석,ABCEFGHJ,형사 | 성범죄 | 학교폭력 | 교통사고 | 기업법무 | 지식재산권 | 회생파산 | 이혼
김선홍,ASBEJL,형사 | 금융증권 | 성범죄 | 교통사고 | 이혼 | 가사상속
정대희,ASFGIKM,형사 | 금융증권 | 기업법무 | 지식재산권 | 부동산건설 | 민사 | 군형사
김주형,AKJ,형사 | 민사 | 이혼
배상윤,AKJ,형사 | 민사 | 이혼
최용호,ASKI,형사 | 금융증권 | 민사 | 부동산건설
양아람,AIKP,형사 | 부동산건설 | 민사 | 행정
곽민규,ASOFKPNB,형사 | 금융증권 | 노동산재 | 기업법무 | 민사 | 행정 | 중대재해 | 성범죄
박종선,ASOBIJKL,형사 | 금융증권 | 노동산재 | 성범죄 | 부동산건설 | 이혼 | 민사 | 가사상속
정동현,ACBDEIJK,형사 | 학교폭력 | 성범죄 | 마약 | 교통사고 | 부동산건설 | 이혼 | 민사
배정진,ASOCBEJK,형사 | 금융증권 | 노동산재 | 학교폭력 | 성범죄 | 교통사고 | 이혼 | 민사
문종인,ASOCBEFKIJPL,형사 | 금융증권 | 노동산재 | 학교폭력 | 성범죄 | 교통사고 | 기업법무 | 민사 | 부동산건설 | 이혼 | 행정 | 가사상속
김동연,ASFL,형사 | 금융증권 | 기업법무 | 가사상속
정영준,ASOCIJKPL,형사 | 금융증권 | 노동산재 | 학교폭력 | 부동산건설 | 이혼 | 민사 | 행정 | 가사상속
김현중,ABJKP,형사 | 성범죄 | 이혼 | 민사 | 행정
하이빈,ASBCEIJKM,형사 | 금융증권 | 성범죄 | 학교폭력 | 교통사고 | 부동산건설 | 이혼 | 민사 | 군형사
사공현,AOCN,형사 | 노동산재 | 학교폭력 | 중대재해
백승일,AEKMO,형사 | 교통사고 | 민사 | 군형사 | 노동산재
이정민,ASCBJK,형사 | 금융증권 | 학교폭력 | 성범죄 | 이혼 | 민사
조현지,ASONB,형사 | 금융증권 | 노동산재 | 중대재해 | 성범죄
김종훈,ASEJ,형사 | 금융증권 | 교통사고 | 이혼
문자원,ACBJKPI,형사 | 학교폭력 | 성범죄 | 이혼 | 민사 | 행정 | 부동산건설
배준형,AM,형사 | 군형사
최승준,ABC,형사 | 성범죄 | 학교폭력
서영주,AFIK,형사 | 기업법무 | 부동산건설 | 민사
신윤찬,AFSIJKL,형사 | 기업법무 | 금융증권 | 부동산건설 | 이혼 | 민사 | 가사상속
조예은,ADJKL,형사 | 마약 | 이혼 | 민사 | 가사상속
김영지,ABCDEK,형사 | 성범죄 | 학교폭력 | 마약 | 교통사고 | 민사
김무훈,AKJ,형사 | 민사 | 이혼
김승욱,SACKJP,금융증권 | 형사 | 학교폭력 | 민사 | 이혼 | 행정
김용오,AK,형사 | 민사
김진주,AJIKPQ,형사 | 이혼 | 부동산건설 | 민사 | 행정 | 의료
김태군,AK,형사 | 민사
문지원,ASKJ,형사 | 금융증권 | 민사 | 이혼
정성엽,ASBK,형사 | 금융증권 | 성범죄 | 민사
조성근,AJKI,형사 | 이혼 | 민사 | 부동산건설
안경배,ACBEJ,형사 | 학교폭력 | 성범죄 | 교통사고 | 이혼
우진규,AK,형사 | 민사
이현희,AOCGJPKIL,형사 | 노동산재 | 학교폭력 | 지식재산권 | 이혼 | 행정 | 민사 | 부동산건설 | 가사상속
박혜민,OPLN,노동산재 | 행정 | 가사상속 | 중대재해
심현희,AJKL,형사 | 이혼 | 민사 | 가사상속
장원석,ASCBEIKJM,형사 | 금융증권 | 학교폭력 | 성범죄 | 교통사고 | 부동산건설 | 민사 | 이혼 | 군형사
정민욱,JKQ,이혼 | 민사 | 의료
김윤진,AB,형사 | 성범죄
김다경,AJKIL,형사 | 이혼 | 민사 | 부동산건설 | 가사상속
이현주,AJK,형사 | 이혼 | 민사
이민희,ABCIJKL,형사 | 성범죄 | 학교폭력 | 부동산건설 | 이혼 | 민사 | 가사상속
권승이,ACIJK,형사 | 학교폭력 | 부동산건설 | 이혼 | 민사
남기윤,ASBDEJK,형사 | 금융증권 | 성범죄 | 마약 | 교통사고 | 이혼 | 민사
김수경,ASOIJKL,형사 | 금융증권 | 노동산재 | 부동산건설 | 이혼 | 민사 | 가사상속
김도연,ACKL,형사 | 학교폭력 | 민사 | 가사상속
김아영,AJKP,형사 | 이혼 | 민사 | 행정
신승민,AKPM,형사 | 민사 | 행정 | 군형사
현철승,AJK,형사 | 이혼 | 민사
조희재,AIJ,형사 | 부동산건설 | 이혼
박정원,AKJP,형사 | 민사 | 이혼 | 행정
방인환,ACKJP,형사 | 학교폭력 | 민사 | 이혼 | 행정
서승범,AEIK,형사 | 교통사고 | 부동산건설 | 민사
오소정,ASFK,형사 | 금융증권 | 기업법무 | 민사
오유진,AKJ,형사 | 민사 | 이혼
유상진,AKM,형사 | 민사 | 군형사
윤은주,CJKI,학교폭력 | 이혼 | 민사 | 부동산건설
이준만,ABJKI,형사 | 성범죄 | 이혼 | 민사 | 부동산건설
임호균,AFN,형사 | 기업법무 | 중대재해
전해인,GIK,지식재산권 | 부동산건설 | 민사
정영록,ASKI,형사 | 금융증권 | 민사 | 부동산건설
정우형,AJK,형사 | 이혼 | 민사
한수진,ASK,형사 | 금융증권 | 민사
조민희,AKQ,형사 | 민사 | 의료
신현민,ABEJK,형사 | 성범죄 | 교통사고 | 이혼 | 민사
송훈호,ASCBEIKJ,형사 | 금융증권 | 학교폭력 | 성범죄 | 교통사고 | 부동산건설 | 민사 | 이혼
임지윤,SAOFGK,금융증권 | 형사 | 노동산재 | 기업법무 | 지식재산권 | 민사
송영주,PKO,행정 | 민사 | 노동산재
김성범,ASBDEM,형사 | 금융증권 | 성범죄 | 마약 | 교통사고 | 군형사
김경표,ABCDEJ,형사 | 성범죄 | 학교폭력 | 마약 | 교통사고 | 이혼
고두희,ABK,형사 | 성범죄 | 민사
윤지상,ABD,형사 | 성범죄 | 마약
박성준,AOCJ,형사 | 노동산재 | 학교폭력 | 이혼
김진혁,AJKL,형사 | 이혼 | 민사 | 가사상속
김종민,ASBCD,형사 | 금융증권 | 성범죄 | 학교폭력 | 마약
조규원,ABCDEF,형사 | 성범죄 | 학교폭력 | 마약 | 교통사고 | 기업법무
주동주,ASBCJKILNO,형사 | 금융증권 | 성범죄 | 학교폭력 | 이혼 | 민사 | 부동산건설 | 가사상속 | 중대재해 | 노동산재
양서인,CJKIL,학교폭력 | 이혼 | 민사 | 부동산건설 | 가사상속
신우식,ABEJ,형사 | 성범죄 | 교통사고 | 이혼
박설린,JKL,이혼 | 민사 | 가사상속
손은채,ASCJKI,형사 | 금융증권 | 학교폭력 | 이혼 | 민사 | 부동산건설
현지훈,AJK,형사 | 이혼 | 민사
나윤주,AJK,형사 | 이혼 | 민사
이민주,ACEJKL,형사 | 학교폭력 | 교통사고 | 이혼 | 민사 | 가사상속
신소민,AOBCEKIJ,형사 | 노동산재 | 성범죄 | 학교폭력 | 교통사고 | 민사 | 부동산건설 | 이혼
이지우,AKPNO,형사 | 민사 | 행정 | 중대재해 | 노동산재
노영실,AJKP,형사 | 이혼 | 민사 | 행정
신애라,ASBEJK,형사 | 금융증권 | 성범죄 | 교통사고 | 이혼 | 민사
김예진,ASJKI,형사 | 금융증권 | 이혼 | 민사 | 부동산건설
라상윤,ASK,형사 | 금융증권 | 민사
이승훈,AKJ,형사 | 민사 | 이혼
이창현,AKJ,형사 | 민사 | 이혼
이한규,ASFK,형사 | 금융증권 | 기업법무 | 민사
전하영,R,조세
정선영,AJK,형사 | 이혼 | 민사
조병주,ASBDKPR,형사 | 금융증권 | 성범죄 | 마약 | 민사 | 행정 | 조세
황태연,FKJ,기업법무 | 민사 | 이혼
이문규,ASIJKOQR,형사 | 금융증권 | 부동산건설 | 이혼 | 민사 | 노동산재 | 의료 | 조세
신덕규,ABCEJKR,형사 | 성범죄 | 학교폭력 | 교통사고 | 이혼 | 민사 | 조세
서정화,ASJK,형사 | 금융증권 | 이혼 | 민사
함진주,ABCDJKL,형사 | 성범죄 | 학교폭력 | 마약 | 이혼 | 민사 | 가사상속
지중후,ABEJ,형사 | 성범죄 | 교통사고 | 이혼
최수환,ASKLR,형사 | 금융증권 | 민사 | 가사상속 | 조세
조윤기,ASEJO,형사 | 금융증권 | 교통사고 | 이혼 | 노동산재
박희찬,AJKIL,형사 | 이혼 | 민사 | 부동산건설 | 가사상속
김명은,ASJKI,형사 | 금융증권 | 이혼 | 민사 | 부동산건설
고소연,ASOCEJKIPL,형사 | 금융증권 | 노동산재 | 학교폭력 | 교통사고 | 이혼 | 민사 | 부동산건설 | 행정 | 가사상속
유소희,AOBCEIJK,형사 | 노동산재 | 성범죄 | 학교폭력 | 교통사고 | 부동산건설 | 이혼 | 민사
김성연,AKJ,형사 | 민사 | 이혼
남승찬,AKJI,형사 | 민사 | 이혼 | 부동산건설
박성현,AIJKQ,형사 | 부동산건설 | 이혼 | 민사 | 의료
박철민,AJKI,형사 | 이혼 | 민사 | 부동산건설
변세정,AK,형사 | 민사
양미도,OKPN,노동산재 | 민사 | 행정 | 중대재해
원희영,ACKJL,형사 | 학교폭력 | 민사 | 이혼 | 가사상속
이혜연,JKI,이혼 | 민사 | 부동산건설
최전서,AFKP,형사 | 기업법무 | 민사 | 행정
강상훈,ABCDEK,형사 | 성범죄 | 학교폭력 | 마약 | 교통사고 | 민사
제학근,ASBC,형사 | 금융증권 | 성범죄 | 학교폭력
문태권,ASCIJKL,형사 | 금융증권 | 학교폭력 | 부동산건설 | 이혼 | 민사 | 가사상속
배민구,AJKL,형사 | 이혼 | 민사 | 가사상속
임정수,AOFJK,형사 | 노동산재 | 기업법무 | 이혼 | 민사
배종윤,ABCHKJL,형사 | 성범죄 | 학교폭력 | 회생파산 | 민사 | 이혼 | 가사상속
김민건,AJK,형사 | 이혼 | 민사
김민우,ASKJ,형사 | 금융증권 | 민사 | 이혼
김인겸,ASOBCDEIKJL,형사 | 금융증권 | 노동산재 | 성범죄 | 학교폭력 | 마약 | 교통사고 | 부동산건설 | 민사 | 이혼 | 가사상속
박선후,ASOCBDEHIKJPLMN,형사 | 금융증권 | 노동산재 | 학교폭력 | 성범죄 | 마약 | 교통사고 | 회생파산 | 부동산건설 | 민사 | 이혼 | 행정 | 가사상속 | 군형사 | 중대재해
배정호,ASKJI,형사 | 금융증권 | 민사 | 이혼 | 부동산건설
신정윤,HJKL,회생파산 | 이혼 | 민사 | 가사상속
심소연,AKP,형사 | 민사 | 행정
이지수,ACJK,형사 | 학교폭력 | 이혼 | 민사
김선종,AKJ,형사 | 민사 | 이혼
김정아,ASK,형사 | 금융증권 | 민사
박정훈,ASK,형사 | 금융증권 | 민사
