성명,직위,출신구분,항목유형,내용
박찬,대표 변호사,부장판사출신,경력,서울중앙지법 부장판사(건설전문부 재판장 2002년~2004년)
박찬,대표 변호사,부장판사출신,경력,수원지방법원 여주지원 판사
박찬,대표 변호사,부장판사출신,경력,제45회 사법시험 3차 시험위원
박찬,대표 변호사,부장판사출신,경력,서울북부지방법원 판사
박찬,대표 변호사,부장판사출신,경력,서울 서초구선거관리위원회 위원장
박찬,대표 변호사,부장판사출신,경력,서울민사지방법원 판사
박찬,대표 변호사,부장판사출신,경력,변호사 개업(서울지방변호사회)
박찬,대표 변호사,부장판사출신,경력,서울고등법원 판사
박찬,대표 변호사,부장판사출신,경력,법무법인 정세 대표변호사
박찬,대표 변호사,부장판사출신,경력,서울지방법원 신청단독판사
박찬,대표 변호사,부장판사출신,경력,"현 법무법인 YK 대표변호사(부동산전문, 건설전문 변호사)"
박찬,대표 변호사,부장판사출신,경력,서울지방법원 형사단독판사
박찬,대표 변호사,부장판사출신,경력,제6회 변호사시험 민사법 출제위원
박찬,대표 변호사,부장판사출신,경력,광주지방법원 부장판사
박찬,대표 변호사,부장판사출신,경력,제7회 변호사시험 민사법 출제위원
박찬,대표 변호사,부장판사출신,경력,수원지방법원 성남지원 부장판사
박찬,대표 변호사,부장판사출신,경력,제10회 변호사시험 민사법 출제위원
박찬,대표 변호사,부장판사출신,업무사례,교통사고 손배사건의 신체감정인인 의사가 감정을 너무나 지연한 데 대해 피해자인 원고가 감정의를 상대로 손해배상을 청구한 사건에서
박찬,대표 변호사,부장판사출신,업무사례,원고청구를 일부 인용한 사건
박찬,대표 변호사,부장판사출신,업무사례,가수 K모씨의 미국 순회공연을 주최한 피고인이 K모씨를 협박한 공갈미수 사건에 대해 선고유예를 선고한 사건
박찬,대표 변호사,부장판사출신,업무사례,종중의 성립 경위와 종중 규약의 제정 경위 등에 비추어 종중의 실제를 부인하여 원고인 종중의 소를 각하한 사건
박찬,대표 변호사,부장판사출신,업무사례,"서울중앙지방법원에서 신청단독판사를 하면서 보전처분사건(가압류, 가처분사건)과 경매사건을 1년간 담당"
박찬,대표 변호사,부장판사출신,업무사례,(* 당시에는 경매사건을 지금과 같이 사법보좌관이 아닌 판사가 담당하였음)
박찬,대표 변호사,부장판사출신,업무사례,공무원이 당연퇴직사유가 발생하였는데 정년까지 계속 근무한 사안에서 국가가 공무원에게 당연퇴직사유 발생일 이후 정년까지의 급여를
박찬,대표 변호사,부장판사출신,업무사례,부당이득으로 반환청구한 사건
박찬,대표 변호사,부장판사출신,업무사례,심야에 교통법규를 위반한 수상한 차량을 경찰차가 추격하자 매우 빠르게 도주하다가 제3의 차량을 충격하여 제3의 차량 운전자가 부상한
박찬,대표 변호사,부장판사출신,업무사례,경우 제3의 차량 운전자가 국가를 상대로 손해배상을 청구한 사건
권순일,대표 변호사,대법관출신,경력,대법원 선임재판연구관
권순일,대표 변호사,대법관출신,경력,대구지방법원 부장판사
권순일,대표 변호사,대법관출신,경력,대법원 수석재판연구관
권순일,대표 변호사,대법관출신,경력,인천지방법원 부장판사
권순일,대표 변호사,대법관출신,경력,서울고등법원 부장판사
권순일,대표 변호사,대법관출신,경력,서울행정법원 부장판사
권순일,대표 변호사,대법관출신,경력,대법원 법원행정처 차장
권순일,대표 변호사,대법관출신,경력,대전지방법원 수석부장판사
권순일,대표 변호사,대법관출신,경력,대법원 대법관(~2020.9)
권순일,대표 변호사,대법관출신,경력,대전고등법원 부장판사
권순일,대표 변호사,대법관출신,경력,제20대 중앙선거관리위원회 위원장(~2020.10)
권순일,대표 변호사,대법관출신,경력,대전고등법원 수석부장판사
권순일,대표 변호사,대법관출신,경력,연세대학교 법학전문대학원 석좌교수
권순일,대표 변호사,대법관출신,저서·논문,증권투자권유자책임론
권순일,대표 변호사,대법관출신,저서·논문,주석 상법 (편집대표)
권순일,대표 변호사,대법관출신,저서·논문,공화국과 법치주의
권순일,대표 변호사,대법관출신,저서·논문,주석 채무자회생법 (편집대표)
권순일,대표 변호사,대법관출신,저서·논문,형사
권순일,대표 변호사,대법관출신,저서·논문,"경제범죄, 금융 · 조세 · 공정거래"
권순일,대표 변호사,대법관출신,저서·논문,민사 · 행정
권순일,대표 변호사,대법관출신,저서·논문,"헌법 · 행정, 손해배상, 기타 민사"
권순일,대표 변호사,대법관출신,저서·논문,증권금융
권순일,대표 변호사,대법관출신,저서·논문,"금융, 증권 쟁송"
정창호,대표 변호사,부장판사출신,경력,국제형사재판소(ICC) 재판관
정창호,대표 변호사,부장판사출신,경력,오스트리아대사관 사법협력관
정창호,대표 변호사,부장판사출신,경력,크메르루즈 국제전범재판소(ECCC) 유엔재판관
정창호,대표 변호사,부장판사출신,경력,"대법원 재판연구관, 서울고법 판사"
정창호,대표 변호사,부장판사출신,경력,"서울고등법원, 광주지법 부장판사"
정창호,대표 변호사,부장판사출신,경력,"서울중앙지법, 제주지법 판사"
정창호,대표 변호사,부장판사출신,경력,유엔국제무역법위원회 한국대표
정창호,대표 변호사,부장판사출신,경력,공군 법무관
정창호,대표 변호사,부장판사출신,경력,사법연수원 22기
정창호,대표 변호사,부장판사출신,수상,법조언론인클럽 올해의 법조인상 수상 (24.02.29)
박춘기,대표 변호사,부장판사출신,경력,창원지방법원 판사
박춘기,대표 변호사,부장판사출신,경력,울산지방법원 부장판사
박춘기,대표 변호사,부장판사출신,경력,부산지방법원 판사
박춘기,대표 변호사,부장판사출신,경력,부산지방법원 부장판사
박춘기,대표 변호사,부장판사출신,경력,부산고등법원 판사
박춘기,대표 변호사,부장판사출신,업무사례,민주노총 고위직 간부의 부하직원에 대한 성폭력범죄 사건 무죄판결(2016년)
박춘기,대표 변호사,부장판사출신,업무사례,지방직 고위 공무원의 뇌물수수 사건 무죄판결(2017년)
박춘기,대표 변호사,부장판사출신,업무사례,신협이사장의 특정범죄가중처벌등에관한법률위반 사건 무죄판결(2018년)
박춘기,대표 변호사,부장판사출신,업무사례,해외자금 유치와 관련된 중소기업 대표이사의 특경법위반 사건 무죄판결(2019년)
박춘기,대표 변호사,부장판사출신,업무사례,현직 변호사의 의뢰인 관련 공갈 및 증거인멸 사건 무죄판결(2023년)
박춘기,대표 변호사,부장판사출신,업무사례,다국적기업의 상생자금 관련 특경법위반 사건 무죄판결(2024년)
김경,대표 변호사,부장판사출신,경력,서울북부지방법원 판사
김경,대표 변호사,부장판사출신,경력,서울동부지방법원 판사
김경,대표 변호사,부장판사출신,경력,서울중앙지방법원 판사
김경,대표 변호사,부장판사출신,경력,청주지방법원 부장판사
김경,대표 변호사,부장판사출신,경력,청주지방법원 판사
김경,대표 변호사,부장판사출신,경력,의정부지법 고양지원 부장판사
김경,대표 변호사,부장판사출신,경력,의정부지방법원 판사
김경,대표 변호사,부장판사출신,경력,서울북부지방법원 부장판사
김경,대표 변호사,부장판사출신,경력,서울고등법원 판사
김경,대표 변호사,부장판사출신,경력,서울중앙지방법원 부장판사
김경,대표 변호사,부장판사출신,업무사례,국내 최초 증권관련 집단소송인 ○○은행 주가조작 손해배상사건
김경,대표 변호사,부장판사출신,업무사례,헌법상 권리인 표현의 자유 보장 및 그 한계가 큰 이슈가 된 천안함 피격 관련 영화의 상영금지가처분사건
김경,대표 변호사,부장판사출신,업무사례,부모사망 후 분묘 및 유해의 상속 및 관리주체에 관한 법리정립의 계기가 된 상속인들간 유해분쟁사건
김경,대표 변호사,부장판사출신,업무사례,국내 최대 우유 생산 업체인 서울우유협동조합 임직원들의 납품비리 뇌물사건
김경,대표 변호사,부장판사출신,업무사례,가정 내 애정표현의 범위 및 한계가 사회적 이슈가 된 가족간 성추행사건
배인구,대표 변호사,가정법원 부장판사출신,경력,이화여자대학교 법학전문대학원 겸임교수
배인구,대표 변호사,가정법원 부장판사출신,경력,서울지방법원 의정부지원 판사
배인구,대표 변호사,가정법원 부장판사출신,경력,서울지방변호사회 가사연수원장
배인구,대표 변호사,가정법원 부장판사출신,경력,서울북부지방법원 판사
배인구,대표 변호사,가정법원 부장판사출신,경력,사학분쟁조정위원회 위원
배인구,대표 변호사,가정법원 부장판사출신,경력,서울고등법원 판사
배인구,대표 변호사,가정법원 부장판사출신,경력,중앙행정심판위원회 비상임위원
배인구,대표 변호사,가정법원 부장판사출신,경력,헌법재판소 파견
배인구,대표 변호사,가정법원 부장판사출신,경력,국민권익위원회 반부패규범자문단 자문위원
배인구,대표 변호사,가정법원 부장판사출신,경력,서울중앙지방법원 판사
배인구,대표 변호사,가정법원 부장판사출신,경력,부산지방법원 울산지원 판사
배인구,대표 변호사,가정법원 부장판사출신,경력,서울가정법원 부장판사
배인구,대표 변호사,가정법원 부장판사출신,경력,대전지방법원 판사
배인구,대표 변호사,가정법원 부장판사출신,경력,서울중앙지방법원 부장판사
배인구,대표 변호사,가정법원 부장판사출신,업무사례,2018년 최태원 SK그룹 회장 대리인(이혼사건)
배인구,대표 변호사,가정법원 부장판사출신,업무사례,2021년 정몽익 KCC글라스 회장 대리인(이혼사건)
배인구,대표 변호사,가정법원 부장판사출신,업무사례,LG그룹 상속회복청구소송에서 세 모녀 측 대리
배인구,대표 변호사,가정법원 부장판사출신,업무사례,"유명 인플루언서 이혼소송 대리 외 고액의 이혼, 상속 재산분할사건 소송 대리"
변민선,대표 변호사,부장판사출신,경력,부산지방법원 판사
변민선,대표 변호사,부장판사출신,경력,서울북부지방법원 판사
변민선,대표 변호사,부장판사출신,경력,부산지방법원 동부지원 판사
변민선,대표 변호사,부장판사출신,경력,제주지방법원 부장판사
변민선,대표 변호사,부장판사출신,경력,의정부지방법원 판사
변민선,대표 변호사,부장판사출신,경력,의정부지방법원 부장판사
변민선,대표 변호사,부장판사출신,경력,서울북부지방법원 판사
변민선,대표 변호사,부장판사출신,경력,서울중앙지방법원 부장판사 (~2022.2)
변민선,대표 변호사,부장판사출신,경력,서울중앙지방법원 판사
변민선,대표 변호사,부장판사출신,업무사례,"아동·청소년의 성보호에 관한 법률 제2조 제5호, 제8조 제2항(아동ㆍ청소년이용음란물 소지죄)에 관한 위헌심판제청결정"
변민선,대표 변호사,부장판사출신,업무사례,"폭력행위등 처벌에 관한 법률 제3조 제1항, 제2조 제1항 제3호(흉기휴대 상해죄)에 관한 위헌심판제청결정"
변민선,대표 변호사,부장판사출신,업무사례,토지주가 제주특별자치도지사를 상대로 하여 신화·역사공원 조성사업에 관한 개발사업시행승인 취소 사건에서 원고 패소 판결
변민선,대표 변호사,부장판사출신,업무사례,"H자동차, K자동차 등의 자동차관리법위반 사건에서 자동차관리법 제78조 제1호, 제31조 제1항(자발적 리콜에 관한 형벌조항)에"
변민선,대표 변호사,부장판사출신,업무사례,관한 위헌심판제청결정
김동진,파트너 변호사,부장판사출신,경력,전북특별자치도 공직자윤리위원회 공직자윤리위원장
김동진,파트너 변호사,부장판사출신,경력,"춘천지방법원 부장판사, 형사재판부"
김동진,파트너 변호사,부장판사출신,경력,"전주지방법원 부장판사, 민사재판부"
김동진,파트너 변호사,부장판사출신,경력,춘천 선거관리위원회 선거관리위원장
김동진,파트너 변호사,부장판사출신,경력,영등포 선거관리위원회 선거관리위원장
김동진,파트너 변호사,부장판사출신,경력,"대법원 재판연구관, 형사공동조"
김동진,파트너 변호사,부장판사출신,경력,"서울남부지방법원 부장판사, 민사 및 형사재판부"
김동진,파트너 변호사,부장판사출신,경력,"서울고등법원 판사, 민사재판부"
김동진,파트너 변호사,부장판사출신,경력,"서울중앙지방법원 부장판사, 민사재판부"
김동진,파트너 변호사,부장판사출신,경력,스위스 바젤대학교 법원 파견 국외연수
김동진,파트너 변호사,부장판사출신,경력,"인천지방법원 부장판사, 민사 및 형사재판부"
김동진,파트너 변호사,부장판사출신,경력,"부산지방법원 판사, 형사재판부"
김동진,파트너 변호사,부장판사출신,경력,부평 선거관리위원회 선거관리위원장
김동진,파트너 변호사,부장판사출신,경력,"서울중앙지방법원 판사, 민사 및 형사재판부"
김동진,파트너 변호사,부장판사출신,경력,"수원지방법원 성남지원 부장판사, 민사재판부"
김동진,파트너 변호사,부장판사출신,경력,"수원지방법원 판사, 민사재판부"
김동진,파트너 변호사,부장판사출신,경력,분당 선거관리위원회 선거관리위원장
김동진,파트너 변호사,부장판사출신,저서·논문,"지식재산권에 관한 형사소송 집필 (3판, 2012)"
김동진,파트너 변호사,부장판사출신,저서·논문,"특허권침해금지가처분 집필 (초판, 2001)"
김동진,파트너 변호사,부장판사출신,저서·논문,"퇴직근로자의 정보사용과 업무상 배임죄 (2013, 법조)"
김동진,파트너 변호사,부장판사출신,저서·논문,"특허무효의 경우 특허실시료에 대한 민법상 부당이득반환청구권의 성립 여부 (2008, 대법원 지식재산권법연구회)"
김동진,파트너 변호사,부장판사출신,저서·논문,"알파벳이 포함된 결합상표의 독점력에 대한 법적 보호의 정도 (2008, 대법원 지식재산권법연구회)"
김동진,파트너 변호사,부장판사출신,저서·논문,"온라인서비스 제공자의 법적 책임과 한계 (2003, 법원도서관, 재판자료집)"
김윤정,파트너 변호사,부장판사출신,경력,전)인천지방법원 예비판사
김윤정,파트너 변호사,부장판사출신,경력,전)서울고등법원 고법판사
김윤정,파트너 변호사,부장판사출신,경력,전)서울고등법원 예비판사
김윤정,파트너 변호사,부장판사출신,경력,전)법무법인 화안 대표변호사
김윤정,파트너 변호사,부장판사출신,경력,전)서울중앙지방법원 판사
김윤정,파트너 변호사,부장판사출신,경력,전)근로복지공단 서울지역본부보통인사위원회 위원 위촉
김윤정,파트너 변호사,부장판사출신,경력,전)광주지방법원 해남지원 판사
김윤정,파트너 변호사,부장판사출신,경력,전)대한변호사협회 성년후견법률지원특별위원회 위원 임명
김윤정,파트너 변호사,부장판사출신,경력,전)서울가정법원 가사소년전문법관
김윤정,파트너 변호사,부장판사출신,경력,전)공무원재해보상심의회 위원 위촉
김윤정,파트너 변호사,부장판사출신,경력,전)서울중앙지방법원 판사
김윤정,파트너 변호사,부장판사출신,경력,전)대한변호사협회 여성변호사 특별위원회 위원 임명
김윤정,파트너 변호사,부장판사출신,경력,전)대법원 사법정책연구원 법관연구위원
김윤정,파트너 변호사,부장판사출신,경력,전)대한변호사협회 법제위원회 위원 임명
김윤정,파트너 변호사,부장판사출신,업무사례,2021년 정몽익 KCC 글라스 회장 대리인
김윤정,파트너 변호사,부장판사출신,업무사례,"법원 재직 시 삼성 이부진, 임우재 사건 항소심 주심판사"
김윤정,파트너 변호사,부장판사출신,업무사례,"유명 연예인 및 유명 인플루언서 이혼소송 대리 외 고액의 이혼, 상속사건 대리"
김윤정,파트너 변호사,부장판사출신,업무사례,‘언론중재 및 피해구제 등에 관한 법률’에서 신설된 ‘정정보도청구권’에 관한 논의
김윤정,파트너 변호사,부장판사출신,업무사례,"최근의 헌법재판소 결정을 중심으로 / 언론중재 26권 3호(통권 100호, 2006. 09. 가을), 언론중재위원회"
김윤정,파트너 변호사,부장판사출신,업무사례,"양육비 이행의 확보 방안과 관련한 논의: 개정 가사소송법에 도입된 새로운 제도를 중심으로/ 가사재판연구. II(2011), 서울가정법원 가사재판연구회"
김윤정,파트너 변호사,부장판사출신,업무사례,사법정책연구원 출간    2019. 7. 소년 형사사법절차의 개선에 관한 연구-통합적 운용가능성을 중심으로
김윤정,파트너 변호사,부장판사출신,업무사례,2017. 9. 성년후견제도의 운영에 관한 연구
김윤정,파트너 변호사,부장판사출신,업무사례,2016. 10. 변호사시험 합격자에 대한 실무연수 방안에 관한 연구
김윤정,파트너 변호사,부장판사출신,업무사례,관련기사 법률신문 2021. 4. ‘유아인도 강제집행과 관련한 일본 민사집행법 개정내용’
김윤정,파트너 변호사,부장판사출신,업무사례,"법률신문 2015. 2. 이혼 가정, 자녀 나이 많을수록 ‘아빠랑 살래요’"
김윤정,파트너 변호사,부장판사출신,업무사례,방송 ‘다시 뜨거워지고 싶은 애로부부’ 출연
김윤정,파트너 변호사,부장판사출신,업무사례,이혼전문 법무법인 운영하면서 다수 이혼사건 수행
정병실,파트너 변호사,부장판사출신,경력,전주지방법원 판사
정병실,파트너 변호사,부장판사출신,경력,의정부지방법원 고양지원 판사
정병실,파트너 변호사,부장판사출신,경력,인천지방법원 판사
정병실,파트너 변호사,부장판사출신,경력,대법원 재판연구관
정병실,파트너 변호사,부장판사출신,경력,서울남부지방법원 판사
정병실,파트너 변호사,부장판사출신,경력,광주지방법원 장흥지원장
정병실,파트너 변호사,부장판사출신,경력,서울중앙지방법원 판사
정병실,파트너 변호사,부장판사출신,경력,인천지방법원 부장판사
정병실,파트너 변호사,부장판사출신,업무사례,경기주택도시공사를 대리하여 금호건설이 경기주택도시공사를 상대로 제기한 약정금등 사건 승소 판결 (2024년 4월)
정병실,파트너 변호사,부장판사출신,업무사례,국민건강보험공단를 대리하여 수백명의 공단 정년퇴직자들이 공로연수신청을 하면서 포기한 연차수당의 지급을 구한 임금 사건
정병실,파트너 변호사,부장판사출신,업무사례,승소 판결(2022년 12월)
정병실,파트너 변호사,부장판사출신,업무사례,국립대학 교수 및 대학산학협력단이 제기한 연구개발비 용도외 사용과 관련한 참여제한처분 취소 및 연구비환수처분 취소 사건
정병실,파트너 변호사,부장판사출신,업무사례,승소 판결 (2021년 11월)
정병실,파트너 변호사,부장판사출신,업무사례,헬기 정비업체를 대리하여 예산군수를 상대로 제기한 공장소음기준 초과를 이유로 한 개선명령처분 취소 사건 승소 판결 (2021년 6월)
정병실,파트너 변호사,부장판사출신,업무사례,공수처 1호(전부장검사 뇌물수수) 기소사건 무죄 판결 (2022년 11월)
송각엽,파트너 변호사,부장판사출신,경력,수원지방법원 성남지원 판사
송각엽,파트너 변호사,부장판사출신,경력,대법원 재판연구관
송각엽,파트너 변호사,부장판사출신,경력,서울중앙지방법원 판사
송각엽,파트너 변호사,부장판사출신,경력,광주지방법원 부장판사
송각엽,파트너 변호사,부장판사출신,경력,전주지방법원 남원지원 판사
송각엽,파트너 변호사,부장판사출신,경력,인천지방법원 부장판사
송각엽,파트너 변호사,부장판사출신,경력,서울남부지방법원 판사
송각엽,파트너 변호사,부장판사출신,경력,"서울행정법원 부장판사[14부(노동,보건)]"
송각엽,파트너 변호사,부장판사출신,업무사례,대도 조세형 특정범죄가중처벌법위반(절도)사건 선고(2013년 6월)
송각엽,파트너 변호사,부장판사출신,업무사례,2019년 장애인 인권디딤돌 판결 선정(광주지법2017고합503판결)
송각엽,파트너 변호사,부장판사출신,업무사례,"공수처, 이성윤 수사팀대상 압수수색 영장청구서등 일부 수사기록 공개판결(2023년 5월)"
송각엽,파트너 변호사,부장판사출신,업무사례,정연주(前방송통신심의위원회위원장) 방통위원장상대 해촉처분 집행정지신청 사건결정(2023년 9월)
송각엽,파트너 변호사,부장판사출신,업무사례,류삼영(前총경) 경찰청장상대 정직처분 취소청구 사건 선고(2024년 4월)
송각엽,파트너 변호사,부장판사출신,업무사례,이기흥(前대한체육회회장) 문화체육부장관상대 직무정지통보 집행정지신청 사건 결정(2024년 12월)
송각엽,파트너 변호사,부장판사출신,업무사례,정영채(前NH증권대표이사) 금융위원회상대 문책경고 처분취소청구 사건 선고(2025년 2월)
김택형,파트너 변호사,판사출신,경력,"대전지방법원 홍성지원(민사합의, 형사합의, 신청합의, 가사합의)"
김택형,파트너 변호사,판사출신,경력,"경찰근무(기동대, 부평경찰서)"
김택형,파트너 변호사,판사출신,경력,대전지방법원[형사항소(부패전담)]
김택형,파트너 변호사,판사출신,경력,"수원지방법원[민사합의(건설전담), 형사항소(부패전담),"
김택형,파트너 변호사,판사출신,경력,"세종특별자치시 법원, 금산군 법원"
김택형,파트너 변호사,판사출신,경력,"형사단독(교통전담), 신청단독, 법인회생, 파산]"
김택형,파트너 변호사,판사출신,경력,"서울 중앙지방법원[집행단독, 형사단독(마약, 보건, 의료전담)]"
김택형,파트너 변호사,판사출신,경력,"서울동부지방법원[민사합의(건설, 의료전담)]"
김택형,파트너 변호사,판사출신,경력,서울시자치경찰위원회 추천위원(2024)
김택형,파트너 변호사,판사출신,업무사례,유명연예인 상습마약류투약과 관련한 형사판결
김택형,파트너 변호사,판사출신,업무사례,유명정치인과 연관된 위증사건과 관련한 형사판결
김택형,파트너 변호사,판사출신,업무사례,유명대학교수의 입시비리와 관련한 형사판결
김택형,파트너 변호사,판사출신,업무사례,유명정치인의 집회시위와 관련한 형사판결
김택형,파트너 변호사,판사출신,업무사례,유명대기업회장의 국회의원선거와 관련한 형사판결
김택형,파트너 변호사,판사출신,업무사례,고위공직자의 뇌물수수와 관련한 다수의 형사판결
김택형,파트너 변호사,판사출신,업무사례,"중견기업(매출액 2천억) 회장의 이혼사건, 다수 상속사건(상속재산분할 및 유류분)"
김택형,파트너 변호사,판사출신,업무사례,"다수의 아파트 하자보수사건(건설전담 2년), 의료사고 관련 사건(의료전담 1년)"
양동학,고문 변호사,판사출신,경력,전남대학교 대학원 법학과 수료
양동학,고문 변호사,판사출신,경력,전남지방경찰청 수사심의위원회 위원장
양동학,고문 변호사,판사출신,경력,전라남도 선거관리위원회 위원
양동학,고문 변호사,판사출신,경력,라이온스 광주지구 부총재
양동학,고문 변호사,판사출신,경력,"전라남도, 곡성군, 신안군, 광양시 고문변호사"
양동학,고문 변호사,판사출신,경력,광주지방법원 소액전담 판사 (2013. 2 ~ 2022. 7)
양동학,고문 변호사,판사출신,경력,"삼성화재, 현대해상화재, 교보악사, 메리츠화재,"
양동학,고문 변호사,판사출신,경력,"한화보험, 개인택시 공제 등 고문변호사"
양동학,고문 변호사,판사출신,업무사례,해외사용자와 비교하여 국내 아이폰 사용자에게 불리하게 일방적으로 정한 약관에 따른 손해배상책임 인정
양동학,고문 변호사,판사출신,업무사례,○○타이어 노조 상호간의 분쟁에 대한 판결
양동학,고문 변호사,판사출신,업무사례,○○대학병원의 치료과실로 인한 손해배상 판결
양동학,고문 변호사,판사출신,업무사례,선천적으로 기형이 있는 애완견 판매자에 대해 위자료 지급책임 인정 판결
양동학,고문 변호사,판사출신,업무사례,○○회사의 부당해고에 따른 손해배상 판결
양동학,고문 변호사,판사출신,업무사례,국제결혼에 있어 기망으로 인정되기 위한 요건과 그에 따른 손해배상 책임 판결
